"Typ","Datum","Anzahl","Meta","Type","Content"
"Erkrankte ohne Hospitalisierung","01.03.2020","0",NA,NA,NA
"Erkrankte ohne Hospitalisierung","02.03.2020","1",NA,NA,NA
"Erkrankte ohne Hospitalisierung","03.03.2020","1",NA,NA,NA
"Erkrankte ohne Hospitalisierung","04.03.2020","2",NA,NA,NA
"Erkrankte ohne Hospitalisierung","05.03.2020","3",NA,NA,NA
"Erkrankte ohne Hospitalisierung","06.03.2020","3",NA,NA,NA
"Erkrankte ohne Hospitalisierung","07.03.2020","3",NA,NA,NA
"Erkrankte ohne Hospitalisierung","08.03.2020","10",NA,NA,NA
"Erkrankte ohne Hospitalisierung","09.03.2020","10",NA,NA,NA
"Erkrankte ohne Hospitalisierung","10.03.2020","11",NA,NA,NA
"Erkrankte ohne Hospitalisierung","11.03.2020","11",NA,NA,NA
"Erkrankte ohne Hospitalisierung","12.03.2020","11",NA,NA,NA
"Erkrankte ohne Hospitalisierung","13.03.2020","13",NA,NA,NA
"Erkrankte ohne Hospitalisierung","14.03.2020","13",NA,NA,NA
"Erkrankte ohne Hospitalisierung","15.03.2020","20",NA,NA,NA
"Erkrankte ohne Hospitalisierung","16.03.2020","29",NA,NA,NA
"Erkrankte ohne Hospitalisierung","17.03.2020","33",NA,NA,NA
"Erkrankte ohne Hospitalisierung","18.03.2020","36",NA,NA,NA
"Erkrankte ohne Hospitalisierung","19.03.2020","47",NA,NA,NA
"Erkrankte ohne Hospitalisierung","20.03.2020","50",NA,NA,NA
"Erkrankte ohne Hospitalisierung","21.03.2020","50",NA,NA,NA
"Erkrankte ohne Hospitalisierung","22.03.2020","50",NA,NA,NA
"Erkrankte ohne Hospitalisierung","23.03.2020","66",NA,NA,NA
"Erkrankte ohne Hospitalisierung","24.03.2020","71",NA,NA,NA
"Erkrankte ohne Hospitalisierung","25.03.2020","77",NA,NA,NA
"Erkrankte ohne Hospitalisierung","26.03.2020","82",NA,NA,NA
"Erkrankte ohne Hospitalisierung","27.03.2020","88",NA,NA,NA
"Erkrankte ohne Hospitalisierung","28.03.2020","88",NA,NA,NA
"Erkrankte ohne Hospitalisierung","29.03.2020","98",NA,NA,NA
"Erkrankte ohne Hospitalisierung","30.03.2020","99",NA,NA,NA
"Erkrankte ohne Hospitalisierung","31.03.2020","111",NA,NA,NA
"Erkrankte ohne Hospitalisierung","01.04.2020","116",NA,NA,NA
"Erkrankte ohne Hospitalisierung","02.04.2020","121",NA,NA,NA
"Erkrankte ohne Hospitalisierung","03.04.2020","130",NA,NA,NA
"Erkrankte ohne Hospitalisierung","04.04.2020","130",NA,NA,NA
"Erkrankte ohne Hospitalisierung","05.04.2020","135",NA,NA,NA
"Erkrankte ohne Hospitalisierung","06.04.2020","139",NA,NA,NA
"Erkrankte ohne Hospitalisierung","07.04.2020","147",NA,NA,NA
"Erkrankte ohne Hospitalisierung","08.04.2020","149",NA,NA,NA
"Erkrankte ohne Hospitalisierung","09.04.2020","150",NA,NA,NA
"Erkrankte ohne Hospitalisierung","10.04.2020","150",NA,NA,NA
"Erkrankte ohne Hospitalisierung","11.04.2020","150",NA,NA,NA
"Erkrankte ohne Hospitalisierung","12.04.2020","152",NA,NA,NA
"Erkrankte ohne Hospitalisierung","13.04.2020","153",NA,NA,NA
"Erkrankte ohne Hospitalisierung","14.04.2020","152",NA,NA,NA
"Erkrankte ohne Hospitalisierung","15.04.2020","156",NA,NA,NA
"Erkrankte ohne Hospitalisierung","16.04.2020","158",NA,NA,NA
"Erkrankte ohne Hospitalisierung","17.04.2020","161",NA,NA,NA
"Erkrankte ohne Hospitalisierung","18.04.2020","157",NA,NA,NA
"Erkrankte ohne Hospitalisierung","19.04.2020","157",NA,NA,NA
"Erkrankte ohne Hospitalisierung","20.04.2020","159",NA,NA,NA
"Erkrankte ohne Hospitalisierung","21.04.2020","162",NA,NA,NA
"Erkrankte ohne Hospitalisierung","22.04.2020","164",NA,NA,NA
"Erkrankte ohne Hospitalisierung","23.04.2020","166",NA,NA,NA
"Erkrankte ohne Hospitalisierung","24.04.2020","167",NA,NA,NA
"Erkrankte ohne Hospitalisierung","25.04.2020","167",NA,NA,NA
"Erkrankte ohne Hospitalisierung","26.04.2020","170",NA,NA,NA
"Erkrankte ohne Hospitalisierung","27.04.2020","170",NA,NA,NA
"Erkrankte ohne Hospitalisierung","28.04.2020","171",NA,NA,NA
"Erkrankte ohne Hospitalisierung","29.04.2020","175",NA,NA,NA
"Erkrankte ohne Hospitalisierung","30.04.2020","177",NA,NA,NA
"Erkrankte ohne Hospitalisierung","01.05.2020","178",NA,NA,NA
"Erkrankte ohne Hospitalisierung","02.05.2020","178",NA,NA,NA
"Erkrankte ohne Hospitalisierung","03.05.2020","179",NA,NA,NA
"Erkrankte ohne Hospitalisierung","04.05.2020","179",NA,NA,NA
"Erkrankte ohne Hospitalisierung","05.05.2020","180",NA,NA,NA
"Erkrankte ohne Hospitalisierung","06.05.2020","182",NA,NA,NA
"Erkrankte ohne Hospitalisierung","07.05.2020","182",NA,NA,NA
"Erkrankte ohne Hospitalisierung","08.05.2020","183",NA,NA,NA
"Erkrankte ohne Hospitalisierung","09.05.2020","184",NA,NA,NA
"Erkrankte ohne Hospitalisierung","10.05.2020","184",NA,NA,NA
"Erkrankte ohne Hospitalisierung","11.05.2020","185",NA,NA,NA
"Erkrankte ohne Hospitalisierung","12.05.2020","187",NA,NA,NA
"Erkrankte ohne Hospitalisierung","13.05.2020","189",NA,NA,NA
"Erkrankte ohne Hospitalisierung","14.05.2020","190",NA,NA,NA
"Erkrankte ohne Hospitalisierung","15.05.2020","191",NA,NA,NA
"Erkrankte ohne Hospitalisierung","16.05.2020","191",NA,NA,NA
"Erkrankte ohne Hospitalisierung","17.05.2020","191",NA,NA,NA
"Erkrankte ohne Hospitalisierung","18.05.2020","191",NA,NA,NA
"Erkrankte ohne Hospitalisierung","19.05.2020","191",NA,NA,NA
"Erkrankte ohne Hospitalisierung","20.05.2020","190",NA,NA,NA
"Erkrankte ohne Hospitalisierung","21.05.2020","190",NA,NA,NA
"Erkrankte ohne Hospitalisierung","22.05.2020","192",NA,NA,NA
"Erkrankte ohne Hospitalisierung","23.05.2020","193",NA,NA,NA
"Erkrankte ohne Hospitalisierung","24.05.2020","192",NA,NA,NA
"Erkrankte ohne Hospitalisierung","25.05.2020","192",NA,NA,NA
"Erkrankte ohne Hospitalisierung","26.05.2020","193",NA,NA,NA
"Erkrankte ohne Hospitalisierung","27.05.2020","193",NA,NA,NA
"Erkrankte ohne Hospitalisierung","28.05.2020","193",NA,NA,NA
"Erkrankte ohne Hospitalisierung","29.05.2020","193",NA,NA,NA
"Erkrankte ohne Hospitalisierung","30.05.2020","193",NA,NA,NA
"Erkrankte ohne Hospitalisierung","31.05.2020","193",NA,NA,NA
"Erkrankte ohne Hospitalisierung","01.06.2020","193",NA,NA,NA
"Erkrankte ohne Hospitalisierung","02.06.2020","193",NA,NA,NA
"Erkrankte ohne Hospitalisierung","03.06.2020","193",NA,NA,NA
"Erkrankte ohne Hospitalisierung","04.06.2020","193",NA,NA,NA
"Erkrankte ohne Hospitalisierung","05.06.2020","193",NA,NA,NA
"Erkrankte ohne Hospitalisierung","06.06.2020","193",NA,NA,NA
"Erkrankte ohne Hospitalisierung","07.06.2020","194",NA,NA,NA
"Erkrankte ohne Hospitalisierung","08.06.2020","196",NA,NA,NA
"Erkrankte ohne Hospitalisierung","09.06.2020","197",NA,NA,NA
"Erkrankte ohne Hospitalisierung","10.06.2020","197",NA,NA,NA
"Erkrankte ohne Hospitalisierung","11.06.2020","201",NA,NA,NA
"Erkrankte ohne Hospitalisierung","12.06.2020","201",NA,NA,NA
"Erkrankte ohne Hospitalisierung","13.06.2020","201",NA,NA,NA
"Erkrankte ohne Hospitalisierung","14.06.2020","203",NA,NA,NA
"Erkrankte ohne Hospitalisierung","15.06.2020","205",NA,NA,NA
"Erkrankte ohne Hospitalisierung","16.06.2020","206",NA,NA,NA
"Erkrankte ohne Hospitalisierung","17.06.2020","206",NA,NA,NA
"Erkrankte ohne Hospitalisierung","18.06.2020","206",NA,NA,NA
"Erkrankte ohne Hospitalisierung","19.06.2020","206",NA,NA,NA
"Erkrankte ohne Hospitalisierung","20.06.2020","206",NA,NA,NA
"Erkrankte ohne Hospitalisierung","21.06.2020","207",NA,NA,NA
"Erkrankte ohne Hospitalisierung","22.06.2020","207",NA,NA,NA
"Erkrankte ohne Hospitalisierung","23.06.2020","209",NA,NA,NA
"Erkrankte ohne Hospitalisierung","24.06.2020","210",NA,NA,NA
"Erkrankte ohne Hospitalisierung","25.06.2020","212",NA,NA,NA
"Erkrankte ohne Hospitalisierung","26.06.2020","212",NA,NA,NA
"Erkrankte ohne Hospitalisierung","27.06.2020","212",NA,NA,NA
"Erkrankte ohne Hospitalisierung","28.06.2020","214",NA,NA,NA
"Erkrankte ohne Hospitalisierung","29.06.2020","216",NA,NA,NA
"Erkrankte ohne Hospitalisierung","30.06.2020","218",NA,NA,NA
"Erkrankte ohne Hospitalisierung","01.07.2020","220",NA,NA,NA
"Erkrankte ohne Hospitalisierung","02.07.2020","224",NA,NA,NA
"Erkrankte ohne Hospitalisierung","03.07.2020","226",NA,NA,NA
"Erkrankte ohne Hospitalisierung","04.07.2020","226",NA,NA,NA
"Erkrankte ohne Hospitalisierung","05.07.2020","228",NA,NA,NA
"Erkrankte ohne Hospitalisierung","06.07.2020","229",NA,NA,NA
"Erkrankte ohne Hospitalisierung","07.07.2020","230",NA,NA,NA
"Erkrankte ohne Hospitalisierung","08.07.2020","232",NA,NA,NA
"Erkrankte ohne Hospitalisierung","09.07.2020","235",NA,NA,NA
"Erkrankte ohne Hospitalisierung","10.07.2020","237",NA,NA,NA
"Erkrankte ohne Hospitalisierung","11.07.2020","238",NA,NA,NA
"Erkrankte ohne Hospitalisierung","12.07.2020","238",NA,NA,NA
"Erkrankte ohne Hospitalisierung","13.07.2020","243",NA,NA,NA
"Erkrankte ohne Hospitalisierung","14.07.2020","245",NA,NA,NA
"Erkrankte ohne Hospitalisierung","15.07.2020","247",NA,NA,NA
"Erkrankte ohne Hospitalisierung","16.07.2020","245",NA,NA,NA
"Erkrankte ohne Hospitalisierung","17.07.2020","245",NA,NA,NA
"Erkrankte ohne Hospitalisierung","18.07.2020","245",NA,NA,NA
"Erkrankte ohne Hospitalisierung","19.07.2020","250",NA,NA,NA
"Erkrankte ohne Hospitalisierung","20.07.2020","254",NA,NA,NA
"Erkrankte ohne Hospitalisierung","21.07.2020","258",NA,NA,NA
"Erkrankte ohne Hospitalisierung","22.07.2020","260",NA,NA,NA
"Erkrankte ohne Hospitalisierung","23.07.2020","261",NA,NA,NA
"Erkrankte ohne Hospitalisierung","24.07.2020","261",NA,NA,NA
"Erkrankte ohne Hospitalisierung","25.07.2020","261",NA,NA,NA
"Erkrankte ohne Hospitalisierung","26.07.2020","263",NA,NA,NA
"Erkrankte ohne Hospitalisierung","27.07.2020","264",NA,NA,NA
"Erkrankte ohne Hospitalisierung","28.07.2020","270",NA,NA,NA
"Erkrankte ohne Hospitalisierung","29.07.2020","275",NA,NA,NA
"Erkrankte ohne Hospitalisierung","30.07.2020","277",NA,NA,NA
"Erkrankte ohne Hospitalisierung","31.07.2020","277",NA,NA,NA
"Erkrankte ohne Hospitalisierung","01.08.2020","277",NA,NA,NA
"Erkrankte ohne Hospitalisierung","02.08.2020","282",NA,NA,NA
"Erkrankte ohne Hospitalisierung","03.08.2020","285",NA,NA,NA
"Erkrankte ohne Hospitalisierung","04.08.2020","285",NA,NA,NA
"Erkrankte ohne Hospitalisierung","05.08.2020","286",NA,NA,NA
"Erkrankte ohne Hospitalisierung","06.08.2020","288",NA,NA,NA
"Erkrankte ohne Hospitalisierung","07.08.2020","288",NA,NA,NA
"Erkrankte ohne Hospitalisierung","08.08.2020","288",NA,NA,NA
"Erkrankte ohne Hospitalisierung","09.08.2020","291",NA,NA,NA
"Erkrankte ohne Hospitalisierung","10.08.2020","296",NA,NA,NA
"Erkrankte ohne Hospitalisierung","11.08.2020","297",NA,NA,NA
"Erkrankte ohne Hospitalisierung","12.08.2020","300",NA,NA,NA
"Erkrankte ohne Hospitalisierung","13.08.2020","303",NA,NA,NA
"Erkrankte ohne Hospitalisierung","14.08.2020","303",NA,NA,NA
"Erkrankte ohne Hospitalisierung","15.08.2020","303",NA,NA,NA
"Erkrankte ohne Hospitalisierung","16.08.2020","305",NA,NA,NA
"Erkrankte ohne Hospitalisierung","17.08.2020","307",NA,NA,NA
"Erkrankte ohne Hospitalisierung","18.08.2020","310",NA,NA,NA
"Erkrankte ohne Hospitalisierung","19.08.2020","312",NA,NA,NA
"Erkrankte ohne Hospitalisierung","20.08.2020","314",NA,NA,NA
"Erkrankte ohne Hospitalisierung","21.08.2020","314",NA,NA,NA
"Erkrankte ohne Hospitalisierung","22.08.2020","314",NA,NA,NA
"Erkrankte ohne Hospitalisierung","23.08.2020","322",NA,NA,NA
"Erkrankte ohne Hospitalisierung","24.08.2020","326",NA,NA,NA
"Erkrankte ohne Hospitalisierung","25.08.2020","328",NA,NA,NA
"Erkrankte ohne Hospitalisierung","26.08.2020","329",NA,NA,NA
"Erkrankte ohne Hospitalisierung","27.08.2020","332",NA,NA,NA
"Erkrankte ohne Hospitalisierung","28.08.2020","332",NA,NA,NA
"Erkrankte ohne Hospitalisierung","29.08.2020","332",NA,NA,NA
"Erkrankte ohne Hospitalisierung","30.08.2020","336",NA,NA,NA
"Erkrankte ohne Hospitalisierung","31.08.2020","340",NA,NA,NA
"Erkrankte ohne Hospitalisierung","01.09.2020","342",NA,NA,NA
"Erkrankte ohne Hospitalisierung","02.09.2020","350",NA,NA,NA
"Erkrankte ohne Hospitalisierung","03.09.2020","360",NA,NA,NA
"Erkrankte ohne Hospitalisierung","04.09.2020","360",NA,NA,NA
"Erkrankte ohne Hospitalisierung","05.09.2020","360",NA,NA,NA
"Erkrankte ohne Hospitalisierung","06.09.2020","367",NA,NA,NA
"Erkrankte ohne Hospitalisierung","07.09.2020","375",NA,NA,NA
"Erkrankte ohne Hospitalisierung","08.09.2020","377",NA,NA,NA
"Erkrankte ohne Hospitalisierung","09.09.2020","379",NA,NA,NA
"Erkrankte ohne Hospitalisierung","10.09.2020","383",NA,NA,NA
"Erkrankte ohne Hospitalisierung","11.09.2020","383",NA,NA,NA
"Erkrankte ohne Hospitalisierung","12.09.2020","383",NA,NA,NA
"Erkrankte ohne Hospitalisierung","13.09.2020","394",NA,NA,NA
"Erkrankte ohne Hospitalisierung","14.09.2020","398",NA,NA,NA
"Erkrankte ohne Hospitalisierung","15.09.2020","399",NA,NA,NA
"Erkrankte ohne Hospitalisierung","16.09.2020","401",NA,NA,NA
"Erkrankte ohne Hospitalisierung","17.09.2020","405",NA,NA,NA
"Erkrankte ohne Hospitalisierung","18.09.2020","405",NA,NA,NA
"Erkrankte ohne Hospitalisierung","19.09.2020","405",NA,NA,NA
"Erkrankte ohne Hospitalisierung","20.09.2020","407",NA,NA,NA
"Erkrankte ohne Hospitalisierung","21.09.2020","407",NA,NA,NA
"Erkrankte ohne Hospitalisierung","22.09.2020","413",NA,NA,NA
"Erkrankte ohne Hospitalisierung","23.09.2020","413",NA,NA,NA
"Erkrankte ohne Hospitalisierung","24.09.2020","417",NA,NA,NA
"Erkrankte ohne Hospitalisierung","25.09.2020","417",NA,NA,NA
"Erkrankte ohne Hospitalisierung","26.09.2020","417",NA,NA,NA
"Erkrankte ohne Hospitalisierung","27.09.2020","421",NA,NA,NA
"Erkrankte ohne Hospitalisierung","28.09.2020","421",NA,NA,NA
"Erkrankte ohne Hospitalisierung","29.09.2020","428",NA,NA,NA
"Erkrankte ohne Hospitalisierung","30.09.2020","436",NA,NA,NA
"Erkrankte ohne Hospitalisierung","01.10.2020","441",NA,NA,NA
"Erkrankte ohne Hospitalisierung","02.10.2020","458",NA,NA,NA
"Erkrankte ohne Hospitalisierung","03.10.2020","475",NA,NA,NA
"Erkrankte ohne Hospitalisierung","04.10.2020","474",NA,NA,NA
"Erkrankte ohne Hospitalisierung","05.10.2020","499",NA,NA,NA
"Erkrankte ohne Hospitalisierung","06.10.2020","525",NA,NA,NA
"Erkrankte ohne Hospitalisierung","07.10.2020","548",NA,NA,NA
"Erkrankte ohne Hospitalisierung","08.10.2020","576",NA,NA,NA
"Erkrankte ohne Hospitalisierung","09.10.2020","604",NA,NA,NA
"Erkrankte ohne Hospitalisierung","10.10.2020","647",NA,NA,NA
"Erkrankte ohne Hospitalisierung","11.10.2020","654",NA,NA,NA
"Erkrankte ohne Hospitalisierung","12.10.2020","682",NA,NA,NA
"Erkrankte ohne Hospitalisierung","13.10.2020","729",NA,NA,NA
"Erkrankte ohne Hospitalisierung","14.10.2020","775",NA,NA,NA
"Erkrankte ohne Hospitalisierung","15.10.2020","826",NA,NA,NA
"Erkrankte ohne Hospitalisierung","16.10.2020","885",NA,NA,NA
"Erkrankte ohne Hospitalisierung","17.10.2020","938",NA,NA,NA
"Erkrankte ohne Hospitalisierung","18.10.2020","937",NA,NA,NA
"Erkrankte ohne Hospitalisierung","19.10.2020","990",NA,NA,NA
"Erkrankte ohne Hospitalisierung","20.10.2020","1051",NA,NA,NA
"Erkrankte ohne Hospitalisierung","21.10.2020","1122",NA,NA,NA
"Erkrankte ohne Hospitalisierung","22.10.2020","1186",NA,NA,NA
"Erkrankte ohne Hospitalisierung","23.10.2020","1260",NA,NA,NA
"Erkrankte ohne Hospitalisierung","24.10.2020","1328",NA,NA,NA
"Erkrankte ohne Hospitalisierung","25.10.2020","1378",NA,NA,NA
"Erkrankte ohne Hospitalisierung","26.10.2020","1437",NA,NA,NA
"Erkrankte ohne Hospitalisierung","27.10.2020","1511",NA,NA,NA
"Erkrankte ohne Hospitalisierung","28.10.2020","1573",NA,NA,NA
"Erkrankte ohne Hospitalisierung","29.10.2020","1631",NA,NA,NA
"Erkrankte ohne Hospitalisierung","30.10.2020","1732",NA,NA,NA
"Erkrankte ohne Hospitalisierung","31.10.2020","1774",NA,NA,NA
"Erkrankte ohne Hospitalisierung","01.11.2020","1800",NA,NA,NA
"Erkrankte ohne Hospitalisierung","02.11.2020","1846",NA,NA,NA
"Erkrankte ohne Hospitalisierung","03.11.2020","1919",NA,NA,NA
"Erkrankte ohne Hospitalisierung","04.11.2020","2014",NA,NA,NA
"Erkrankte ohne Hospitalisierung","05.11.2020","2090",NA,NA,NA
"Erkrankte ohne Hospitalisierung","06.11.2020","2140",NA,NA,NA
"Erkrankte ohne Hospitalisierung","07.11.2020","2194",NA,NA,NA
"Erkrankte ohne Hospitalisierung","08.11.2020","2231",NA,NA,NA
"Erkrankte ohne Hospitalisierung","09.11.2020","2269",NA,NA,NA
"Erkrankte ohne Hospitalisierung","10.11.2020","2325",NA,NA,NA
"Erkrankte ohne Hospitalisierung","11.11.2020","2380",NA,NA,NA
"Erkrankte ohne Hospitalisierung","12.11.2020","2459",NA,NA,NA
"Erkrankte ohne Hospitalisierung","13.11.2020","2514",NA,NA,NA
"Erkrankte ohne Hospitalisierung","14.11.2020","2556",NA,NA,NA
"Erkrankte ohne Hospitalisierung","15.11.2020","2592",NA,NA,NA
"Erkrankte ohne Hospitalisierung","16.11.2020","2645",NA,NA,NA
"Erkrankte ohne Hospitalisierung","17.11.2020","2713",NA,NA,NA
"Erkrankte ohne Hospitalisierung","18.11.2020","2780",NA,NA,NA
"Erkrankte ohne Hospitalisierung","19.11.2020","2826",NA,NA,NA
"Erkrankte ohne Hospitalisierung","20.11.2020","2891",NA,NA,NA
"Erkrankte ohne Hospitalisierung","21.11.2020","2932",NA,NA,NA
"Erkrankte ohne Hospitalisierung","22.11.2020","2973",NA,NA,NA
"Erkrankte ohne Hospitalisierung","23.11.2020","3012",NA,NA,NA
"Erkrankte ohne Hospitalisierung","24.11.2020","3067",NA,NA,NA
"Erkrankte ohne Hospitalisierung","25.11.2020","3133",NA,NA,NA
"Erkrankte ohne Hospitalisierung","26.11.2020","3176",NA,NA,NA
"Erkrankte ohne Hospitalisierung","27.11.2020","3238",NA,NA,NA
"Erkrankte ohne Hospitalisierung","28.11.2020","3276",NA,NA,NA
"Erkrankte ohne Hospitalisierung","29.11.2020","3300",NA,NA,NA
"Erkrankte ohne Hospitalisierung","30.11.2020","3344",NA,NA,NA
"Erkrankte ohne Hospitalisierung","01.12.2020","3400",NA,NA,NA
"Erkrankte ohne Hospitalisierung","02.12.2020","3470",NA,NA,NA
"Erkrankte ohne Hospitalisierung","03.12.2020","3512",NA,NA,NA
"Erkrankte ohne Hospitalisierung","04.12.2020","3576",NA,NA,NA
"Erkrankte ohne Hospitalisierung","05.12.2020","3608",NA,NA,NA
"Erkrankte ohne Hospitalisierung","06.12.2020","3640",NA,NA,NA
"Erkrankte ohne Hospitalisierung","07.12.2020","3680",NA,NA,NA
"Erkrankte ohne Hospitalisierung","08.12.2020","3735",NA,NA,NA
"Erkrankte ohne Hospitalisierung","09.12.2020","3784",NA,NA,NA
"Erkrankte ohne Hospitalisierung","10.12.2020","3827",NA,NA,NA
"Erkrankte ohne Hospitalisierung","11.12.2020","3889",NA,NA,NA
"Erkrankte ohne Hospitalisierung","12.12.2020","3931",NA,NA,NA
"Erkrankte ohne Hospitalisierung","13.12.2020","3966",NA,NA,NA
"Hospitalisierte","01.03.2020","0",NA,NA,NA
"Hospitalisierte","02.03.2020","0",NA,NA,NA
"Hospitalisierte","03.03.2020","0",NA,NA,NA
"Hospitalisierte","04.03.2020","0",NA,NA,NA
"Hospitalisierte","05.03.2020","0",NA,NA,NA
"Hospitalisierte","06.03.2020","0",NA,NA,NA
"Hospitalisierte","07.03.2020","0",NA,NA,NA
"Hospitalisierte","08.03.2020","0",NA,NA,NA
"Hospitalisierte","09.03.2020","0",NA,NA,NA
"Hospitalisierte","10.03.2020","0",NA,NA,NA
"Hospitalisierte","11.03.2020","0",NA,NA,NA
"Hospitalisierte","12.03.2020","0",NA,NA,NA
"Hospitalisierte","13.03.2020","0",NA,NA,NA
"Hospitalisierte","14.03.2020","0",NA,NA,NA
"Hospitalisierte","15.03.2020","0",NA,NA,NA
"Hospitalisierte","16.03.2020","0",NA,NA,NA
"Hospitalisierte","17.03.2020","0",NA,NA,NA
"Hospitalisierte","18.03.2020","1",NA,NA,NA
"Hospitalisierte","19.03.2020","1",NA,NA,NA
"Hospitalisierte","20.03.2020","3",NA,NA,NA
"Hospitalisierte","21.03.2020","3",NA,NA,NA
"Hospitalisierte","22.03.2020","3",NA,NA,NA
"Hospitalisierte","23.03.2020","6",NA,NA,NA
"Hospitalisierte","24.03.2020","8",NA,NA,NA
"Hospitalisierte","25.03.2020","9",NA,NA,NA
"Hospitalisierte","26.03.2020","7",NA,NA,NA
"Hospitalisierte","27.03.2020","7",NA,NA,NA
"Hospitalisierte","28.03.2020","7",NA,NA,NA
"Hospitalisierte","29.03.2020","8",NA,NA,NA
"Hospitalisierte","30.03.2020","8",NA,NA,NA
"Hospitalisierte","31.03.2020","8",NA,NA,NA
"Hospitalisierte","01.04.2020","9",NA,NA,NA
"Hospitalisierte","02.04.2020","8",NA,NA,NA
"Hospitalisierte","03.04.2020","7",NA,NA,NA
"Hospitalisierte","04.04.2020","7",NA,NA,NA
"Hospitalisierte","05.04.2020","6",NA,NA,NA
"Hospitalisierte","06.04.2020","7",NA,NA,NA
"Hospitalisierte","07.04.2020","3",NA,NA,NA
"Hospitalisierte","08.04.2020","4",NA,NA,NA
"Hospitalisierte","09.04.2020","6",NA,NA,NA
"Hospitalisierte","10.04.2020","5",NA,NA,NA
"Hospitalisierte","11.04.2020","4",NA,NA,NA
"Hospitalisierte","12.04.2020","4",NA,NA,NA
"Hospitalisierte","13.04.2020","4",NA,NA,NA
"Hospitalisierte","14.04.2020","4",NA,NA,NA
"Hospitalisierte","15.04.2020","2",NA,NA,NA
"Hospitalisierte","16.04.2020","2",NA,NA,NA
"Hospitalisierte","17.04.2020","0",NA,NA,NA
"Hospitalisierte","18.04.2020","5",NA,NA,NA
"Hospitalisierte","19.04.2020","6",NA,NA,NA
"Hospitalisierte","20.04.2020","5",NA,NA,NA
"Hospitalisierte","21.04.2020","3",NA,NA,NA
"Hospitalisierte","22.04.2020","3",NA,NA,NA
"Hospitalisierte","23.04.2020","3",NA,NA,NA
"Hospitalisierte","24.04.2020","3",NA,NA,NA
"Hospitalisierte","25.04.2020","3",NA,NA,NA
"Hospitalisierte","26.04.2020","4",NA,NA,NA
"Hospitalisierte","27.04.2020","4",NA,NA,NA
"Hospitalisierte","28.04.2020","3",NA,NA,NA
"Hospitalisierte","29.04.2020","3",NA,NA,NA
"Hospitalisierte","30.04.2020","3",NA,NA,NA
"Hospitalisierte","01.05.2020","2",NA,NA,NA
"Hospitalisierte","02.05.2020","2",NA,NA,NA
"Hospitalisierte","03.05.2020","2",NA,NA,NA
"Hospitalisierte","04.05.2020","2",NA,NA,NA
"Hospitalisierte","05.05.2020","1",NA,NA,NA
"Hospitalisierte","06.05.2020","1",NA,NA,NA
"Hospitalisierte","07.05.2020","1",NA,NA,NA
"Hospitalisierte","08.05.2020","1",NA,NA,NA
"Hospitalisierte","09.05.2020","0",NA,NA,NA
"Hospitalisierte","10.05.2020","0",NA,NA,NA
"Hospitalisierte","11.05.2020","0",NA,NA,NA
"Hospitalisierte","12.05.2020","0",NA,NA,NA
"Hospitalisierte","13.05.2020","0",NA,NA,NA
"Hospitalisierte","14.05.2020","0",NA,NA,NA
"Hospitalisierte","15.05.2020","0",NA,NA,NA
"Hospitalisierte","16.05.2020","0",NA,NA,NA
"Hospitalisierte","17.05.2020","0",NA,NA,NA
"Hospitalisierte","18.05.2020","0",NA,NA,NA
"Hospitalisierte","19.05.2020","0",NA,NA,NA
"Hospitalisierte","20.05.2020","0",NA,NA,NA
"Hospitalisierte","21.05.2020","0",NA,NA,NA
"Hospitalisierte","22.05.2020","0",NA,NA,NA
"Hospitalisierte","23.05.2020","0",NA,NA,NA
"Hospitalisierte","24.05.2020","1",NA,NA,NA
"Hospitalisierte","25.05.2020","1",NA,NA,NA
"Hospitalisierte","26.05.2020","0",NA,NA,NA
"Hospitalisierte","27.05.2020","0",NA,NA,NA
"Hospitalisierte","28.05.2020","0",NA,NA,NA
"Hospitalisierte","29.05.2020","0",NA,NA,NA
"Hospitalisierte","30.05.2020","0",NA,NA,NA
"Hospitalisierte","31.05.2020","0",NA,NA,NA
"Hospitalisierte","01.06.2020","0",NA,NA,NA
"Hospitalisierte","02.06.2020","0",NA,NA,NA
"Hospitalisierte","03.06.2020","0",NA,NA,NA
"Hospitalisierte","04.06.2020","0",NA,NA,NA
"Hospitalisierte","05.06.2020","0",NA,NA,NA
"Hospitalisierte","06.06.2020","0",NA,NA,NA
"Hospitalisierte","07.06.2020","0",NA,NA,NA
"Hospitalisierte","08.06.2020","0",NA,NA,NA
"Hospitalisierte","09.06.2020","1",NA,NA,NA
"Hospitalisierte","10.06.2020","1",NA,NA,NA
"Hospitalisierte","11.06.2020","1",NA,NA,NA
"Hospitalisierte","12.06.2020","1",NA,NA,NA
"Hospitalisierte","13.06.2020","1",NA,NA,NA
"Hospitalisierte","14.06.2020","1",NA,NA,NA
"Hospitalisierte","15.06.2020","0",NA,NA,NA
"Hospitalisierte","16.06.2020","0",NA,NA,NA
"Hospitalisierte","17.06.2020","0",NA,NA,NA
"Hospitalisierte","18.06.2020","0",NA,NA,NA
"Hospitalisierte","19.06.2020","0",NA,NA,NA
"Hospitalisierte","20.06.2020","0",NA,NA,NA
"Hospitalisierte","21.06.2020","0",NA,NA,NA
"Hospitalisierte","22.06.2020","0",NA,NA,NA
"Hospitalisierte","23.06.2020","0",NA,NA,NA
"Hospitalisierte","24.06.2020","0",NA,NA,NA
"Hospitalisierte","25.06.2020","0",NA,NA,NA
"Hospitalisierte","26.06.2020","0",NA,NA,NA
"Hospitalisierte","27.06.2020","0",NA,NA,NA
"Hospitalisierte","28.06.2020","0",NA,NA,NA
"Hospitalisierte","29.06.2020","0",NA,NA,NA
"Hospitalisierte","30.06.2020","0",NA,NA,NA
"Hospitalisierte","01.07.2020","0",NA,NA,NA
"Hospitalisierte","02.07.2020","0",NA,NA,NA
"Hospitalisierte","03.07.2020","0",NA,NA,NA
"Hospitalisierte","04.07.2020","0",NA,NA,NA
"Hospitalisierte","05.07.2020","1",NA,NA,NA
"Hospitalisierte","06.07.2020","2",NA,NA,NA
"Hospitalisierte","07.07.2020","2",NA,NA,NA
"Hospitalisierte","08.07.2020","2",NA,NA,NA
"Hospitalisierte","09.07.2020","1",NA,NA,NA
"Hospitalisierte","10.07.2020","2",NA,NA,NA
"Hospitalisierte","11.07.2020","3",NA,NA,NA
"Hospitalisierte","12.07.2020","3",NA,NA,NA
"Hospitalisierte","13.07.2020","3",NA,NA,NA
"Hospitalisierte","14.07.2020","3",NA,NA,NA
"Hospitalisierte","15.07.2020","3",NA,NA,NA
"Hospitalisierte","16.07.2020","5",NA,NA,NA
"Hospitalisierte","17.07.2020","5",NA,NA,NA
"Hospitalisierte","18.07.2020","5",NA,NA,NA
"Hospitalisierte","19.07.2020","2",NA,NA,NA
"Hospitalisierte","20.07.2020","1",NA,NA,NA
"Hospitalisierte","21.07.2020","1",NA,NA,NA
"Hospitalisierte","22.07.2020","1",NA,NA,NA
"Hospitalisierte","23.07.2020","1",NA,NA,NA
"Hospitalisierte","24.07.2020","1",NA,NA,NA
"Hospitalisierte","25.07.2020","1",NA,NA,NA
"Hospitalisierte","26.07.2020","0",NA,NA,NA
"Hospitalisierte","27.07.2020","0",NA,NA,NA
"Hospitalisierte","28.07.2020","0",NA,NA,NA
"Hospitalisierte","29.07.2020","0",NA,NA,NA
"Hospitalisierte","30.07.2020","2",NA,NA,NA
"Hospitalisierte","31.07.2020","2",NA,NA,NA
"Hospitalisierte","01.08.2020","2",NA,NA,NA
"Hospitalisierte","02.08.2020","2",NA,NA,NA
"Hospitalisierte","03.08.2020","2",NA,NA,NA
"Hospitalisierte","04.08.2020","2",NA,NA,NA
"Hospitalisierte","05.08.2020","1",NA,NA,NA
"Hospitalisierte","06.08.2020","0",NA,NA,NA
"Hospitalisierte","07.08.2020","0",NA,NA,NA
"Hospitalisierte","08.08.2020","0",NA,NA,NA
"Hospitalisierte","09.08.2020","2",NA,NA,NA
"Hospitalisierte","10.08.2020","0",NA,NA,NA
"Hospitalisierte","11.08.2020","1",NA,NA,NA
"Hospitalisierte","12.08.2020","0",NA,NA,NA
"Hospitalisierte","13.08.2020","0",NA,NA,NA
"Hospitalisierte","14.08.2020","0",NA,NA,NA
"Hospitalisierte","15.08.2020","0",NA,NA,NA
"Hospitalisierte","16.08.2020","1",NA,NA,NA
"Hospitalisierte","17.08.2020","1",NA,NA,NA
"Hospitalisierte","18.08.2020","0",NA,NA,NA
"Hospitalisierte","19.08.2020","0",NA,NA,NA
"Hospitalisierte","20.08.2020","0",NA,NA,NA
"Hospitalisierte","21.08.2020","0",NA,NA,NA
"Hospitalisierte","22.08.2020","0",NA,NA,NA
"Hospitalisierte","23.08.2020","3",NA,NA,NA
"Hospitalisierte","24.08.2020","3",NA,NA,NA
"Hospitalisierte","25.08.2020","2",NA,NA,NA
"Hospitalisierte","26.08.2020","2",NA,NA,NA
"Hospitalisierte","27.08.2020","2",NA,NA,NA
"Hospitalisierte","28.08.2020","2",NA,NA,NA
"Hospitalisierte","29.08.2020","2",NA,NA,NA
"Hospitalisierte","30.08.2020","4",NA,NA,NA
"Hospitalisierte","31.08.2020","4",NA,NA,NA
"Hospitalisierte","01.09.2020","3",NA,NA,NA
"Hospitalisierte","02.09.2020","2",NA,NA,NA
"Hospitalisierte","03.09.2020","2",NA,NA,NA
"Hospitalisierte","04.09.2020","2",NA,NA,NA
"Hospitalisierte","05.09.2020","2",NA,NA,NA
"Hospitalisierte","06.09.2020","1",NA,NA,NA
"Hospitalisierte","07.09.2020","0",NA,NA,NA
"Hospitalisierte","08.09.2020","0",NA,NA,NA
"Hospitalisierte","09.09.2020","0",NA,NA,NA
"Hospitalisierte","10.09.2020","0",NA,NA,NA
"Hospitalisierte","11.09.2020","0",NA,NA,NA
"Hospitalisierte","12.09.2020","0",NA,NA,NA
"Hospitalisierte","13.09.2020","1",NA,NA,NA
"Hospitalisierte","14.09.2020","1",NA,NA,NA
"Hospitalisierte","15.09.2020","1",NA,NA,NA
"Hospitalisierte","16.09.2020","0",NA,NA,NA
"Hospitalisierte","17.09.2020","0",NA,NA,NA
"Hospitalisierte","18.09.2020","0",NA,NA,NA
"Hospitalisierte","19.09.2020","0",NA,NA,NA
"Hospitalisierte","20.09.2020","0",NA,NA,NA
"Hospitalisierte","21.09.2020","1",NA,NA,NA
"Hospitalisierte","22.09.2020","1",NA,NA,NA
"Hospitalisierte","23.09.2020","2",NA,NA,NA
"Hospitalisierte","24.09.2020","3",NA,NA,NA
"Hospitalisierte","25.09.2020","3",NA,NA,NA
"Hospitalisierte","26.09.2020","3",NA,NA,NA
"Hospitalisierte","27.09.2020","2",NA,NA,NA
"Hospitalisierte","28.09.2020","3",NA,NA,NA
"Hospitalisierte","29.09.2020","4",NA,NA,NA
"Hospitalisierte","30.09.2020","2",NA,NA,NA
"Hospitalisierte","01.10.2020","0",NA,NA,NA
"Hospitalisierte","02.10.2020","0",NA,NA,NA
"Hospitalisierte","03.10.2020","0",NA,NA,NA
"Hospitalisierte","04.10.2020","2",NA,NA,NA
"Hospitalisierte","05.10.2020","2",NA,NA,NA
"Hospitalisierte","06.10.2020","2",NA,NA,NA
"Hospitalisierte","07.10.2020","7",NA,NA,NA
"Hospitalisierte","08.10.2020","6",NA,NA,NA
"Hospitalisierte","09.10.2020","6",NA,NA,NA
"Hospitalisierte","10.10.2020","6",NA,NA,NA
"Hospitalisierte","11.10.2020","6",NA,NA,NA
"Hospitalisierte","12.10.2020","7",NA,NA,NA
"Hospitalisierte","13.10.2020","7",NA,NA,NA
"Hospitalisierte","14.10.2020","7",NA,NA,NA
"Hospitalisierte","15.10.2020","9",NA,NA,NA
"Hospitalisierte","16.10.2020","9",NA,NA,NA
"Hospitalisierte","17.10.2020","9",NA,NA,NA
"Hospitalisierte","18.10.2020","13",NA,NA,NA
"Hospitalisierte","19.10.2020","13",NA,NA,NA
"Hospitalisierte","20.10.2020","13",NA,NA,NA
"Hospitalisierte","21.10.2020","15",NA,NA,NA
"Hospitalisierte","22.10.2020","14",NA,NA,NA
"Hospitalisierte","23.10.2020","14",NA,NA,NA
"Hospitalisierte","24.10.2020","14",NA,NA,NA
"Hospitalisierte","25.10.2020","12",NA,NA,NA
"Hospitalisierte","26.10.2020","20",NA,NA,NA
"Hospitalisierte","27.10.2020","21",NA,NA,NA
"Hospitalisierte","28.10.2020","22",NA,NA,NA
"Hospitalisierte","29.10.2020","29",NA,NA,NA
"Hospitalisierte","30.10.2020","29",NA,NA,NA
"Hospitalisierte","31.10.2020","25",NA,NA,NA
"Hospitalisierte","01.11.2020","29",NA,NA,NA
"Hospitalisierte","02.11.2020","32",NA,NA,NA
"Hospitalisierte","03.11.2020","31",NA,NA,NA
"Hospitalisierte","04.11.2020","31",NA,NA,NA
"Hospitalisierte","05.11.2020","26",NA,NA,NA
"Hospitalisierte","06.11.2020","27",NA,NA,NA
"Hospitalisierte","07.11.2020","25",NA,NA,NA
"Hospitalisierte","08.11.2020","26",NA,NA,NA
"Hospitalisierte","09.11.2020","24",NA,NA,NA
"Hospitalisierte","10.11.2020","25",NA,NA,NA
"Hospitalisierte","11.11.2020","23",NA,NA,NA
"Hospitalisierte","12.11.2020","24",NA,NA,NA
"Hospitalisierte","13.11.2020","27",NA,NA,NA
"Hospitalisierte","14.11.2020","29",NA,NA,NA
"Hospitalisierte","15.11.2020","29",NA,NA,NA
"Hospitalisierte","16.11.2020","31",NA,NA,NA
"Hospitalisierte","17.11.2020","28",NA,NA,NA
"Hospitalisierte","18.11.2020","27",NA,NA,NA
"Hospitalisierte","19.11.2020","29",NA,NA,NA
"Hospitalisierte","20.11.2020","23",NA,NA,NA
"Hospitalisierte","21.11.2020","18",NA,NA,NA
"Hospitalisierte","22.11.2020","21",NA,NA,NA
"Hospitalisierte","23.11.2020","25",NA,NA,NA
"Hospitalisierte","24.11.2020","27",NA,NA,NA
"Hospitalisierte","25.11.2020","21",NA,NA,NA
"Hospitalisierte","26.11.2020","18",NA,NA,NA
"Hospitalisierte","27.11.2020","16",NA,NA,NA
"Hospitalisierte","28.11.2020","17",NA,NA,NA
"Hospitalisierte","29.11.2020","19",NA,NA,NA
"Hospitalisierte","30.11.2020","17",NA,NA,NA
"Hospitalisierte","01.12.2020","18",NA,NA,NA
"Hospitalisierte","02.12.2020","15",NA,NA,NA
"Hospitalisierte","03.12.2020","17",NA,NA,NA
"Hospitalisierte","04.12.2020","22",NA,NA,NA
"Hospitalisierte","05.12.2020","22",NA,NA,NA
"Hospitalisierte","06.12.2020","23",NA,NA,NA
"Hospitalisierte","07.12.2020","23",NA,NA,NA
"Hospitalisierte","08.12.2020","17",NA,NA,NA
"Hospitalisierte","09.12.2020","18",NA,NA,NA
"Hospitalisierte","10.12.2020","21",NA,NA,NA
"Hospitalisierte","11.12.2020","21",NA,NA,NA
"Hospitalisierte","12.12.2020","19",NA,NA,NA
"Hospitalisierte","13.12.2020","20",NA,NA,NA
"Hospitalisierte in Intensivpflege","01.03.2020","0",NA,NA,NA
"Hospitalisierte in Intensivpflege","02.03.2020","0",NA,NA,NA
"Hospitalisierte in Intensivpflege","03.03.2020","0",NA,NA,NA
"Hospitalisierte in Intensivpflege","04.03.2020","0",NA,NA,NA
"Hospitalisierte in Intensivpflege","05.03.2020","0",NA,NA,NA
"Hospitalisierte in Intensivpflege","06.03.2020","0",NA,NA,NA
"Hospitalisierte in Intensivpflege","07.03.2020","0",NA,NA,NA
"Hospitalisierte in Intensivpflege","08.03.2020","0",NA,NA,NA
"Hospitalisierte in Intensivpflege","09.03.2020","0",NA,NA,NA
"Hospitalisierte in Intensivpflege","10.03.2020","0",NA,NA,NA
"Hospitalisierte in Intensivpflege","11.03.2020","0",NA,NA,NA
"Hospitalisierte in Intensivpflege","12.03.2020","0",NA,NA,NA
"Hospitalisierte in Intensivpflege","13.03.2020","0",NA,NA,NA
"Hospitalisierte in Intensivpflege","14.03.2020","0",NA,NA,NA
"Hospitalisierte in Intensivpflege","15.03.2020","0",NA,NA,NA
"Hospitalisierte in Intensivpflege","16.03.2020","0",NA,NA,NA
"Hospitalisierte in Intensivpflege","17.03.2020","0",NA,NA,NA
"Hospitalisierte in Intensivpflege","18.03.2020","0",NA,NA,NA
"Hospitalisierte in Intensivpflege","19.03.2020","0",NA,NA,NA
"Hospitalisierte in Intensivpflege","20.03.2020","0",NA,NA,NA
"Hospitalisierte in Intensivpflege","21.03.2020","0",NA,NA,NA
"Hospitalisierte in Intensivpflege","22.03.2020","0",NA,NA,NA
"Hospitalisierte in Intensivpflege","23.03.2020","0",NA,NA,NA
"Hospitalisierte in Intensivpflege","24.03.2020","1",NA,NA,NA
"Hospitalisierte in Intensivpflege","25.03.2020","1",NA,NA,NA
"Hospitalisierte in Intensivpflege","26.03.2020","5",NA,NA,NA
"Hospitalisierte in Intensivpflege","27.03.2020","5",NA,NA,NA
"Hospitalisierte in Intensivpflege","28.03.2020","5",NA,NA,NA
"Hospitalisierte in Intensivpflege","29.03.2020","5",NA,NA,NA
"Hospitalisierte in Intensivpflege","30.03.2020","6",NA,NA,NA
"Hospitalisierte in Intensivpflege","31.03.2020","5",NA,NA,NA
"Hospitalisierte in Intensivpflege","01.04.2020","5",NA,NA,NA
"Hospitalisierte in Intensivpflege","02.04.2020","7",NA,NA,NA
"Hospitalisierte in Intensivpflege","03.04.2020","7",NA,NA,NA
"Hospitalisierte in Intensivpflege","04.04.2020","7",NA,NA,NA
"Hospitalisierte in Intensivpflege","05.04.2020","8",NA,NA,NA
"Hospitalisierte in Intensivpflege","06.04.2020","8",NA,NA,NA
"Hospitalisierte in Intensivpflege","07.04.2020","9",NA,NA,NA
"Hospitalisierte in Intensivpflege","08.04.2020","9",NA,NA,NA
"Hospitalisierte in Intensivpflege","09.04.2020","9",NA,NA,NA
"Hospitalisierte in Intensivpflege","10.04.2020","9",NA,NA,NA
"Hospitalisierte in Intensivpflege","11.04.2020","9",NA,NA,NA
"Hospitalisierte in Intensivpflege","12.04.2020","9",NA,NA,NA
"Hospitalisierte in Intensivpflege","13.04.2020","9",NA,NA,NA
"Hospitalisierte in Intensivpflege","14.04.2020","9",NA,NA,NA
"Hospitalisierte in Intensivpflege","15.04.2020","7",NA,NA,NA
"Hospitalisierte in Intensivpflege","16.04.2020","6",NA,NA,NA
"Hospitalisierte in Intensivpflege","17.04.2020","6",NA,NA,NA
"Hospitalisierte in Intensivpflege","18.04.2020","6",NA,NA,NA
"Hospitalisierte in Intensivpflege","19.04.2020","5",NA,NA,NA
"Hospitalisierte in Intensivpflege","20.04.2020","4",NA,NA,NA
"Hospitalisierte in Intensivpflege","21.04.2020","3",NA,NA,NA
"Hospitalisierte in Intensivpflege","22.04.2020","3",NA,NA,NA
"Hospitalisierte in Intensivpflege","23.04.2020","3",NA,NA,NA
"Hospitalisierte in Intensivpflege","24.04.2020","3",NA,NA,NA
"Hospitalisierte in Intensivpflege","25.04.2020","3",NA,NA,NA
"Hospitalisierte in Intensivpflege","26.04.2020","3",NA,NA,NA
"Hospitalisierte in Intensivpflege","27.04.2020","3",NA,NA,NA
"Hospitalisierte in Intensivpflege","28.04.2020","3",NA,NA,NA
"Hospitalisierte in Intensivpflege","29.04.2020","3",NA,NA,NA
"Hospitalisierte in Intensivpflege","30.04.2020","1",NA,NA,NA
"Hospitalisierte in Intensivpflege","01.05.2020","1",NA,NA,NA
"Hospitalisierte in Intensivpflege","02.05.2020","1",NA,NA,NA
"Hospitalisierte in Intensivpflege","03.05.2020","1",NA,NA,NA
"Hospitalisierte in Intensivpflege","04.05.2020","2",NA,NA,NA
"Hospitalisierte in Intensivpflege","05.05.2020","2",NA,NA,NA
"Hospitalisierte in Intensivpflege","06.05.2020","1",NA,NA,NA
"Hospitalisierte in Intensivpflege","07.05.2020","1",NA,NA,NA
"Hospitalisierte in Intensivpflege","08.05.2020","1",NA,NA,NA
"Hospitalisierte in Intensivpflege","09.05.2020","1",NA,NA,NA
"Hospitalisierte in Intensivpflege","10.05.2020","1",NA,NA,NA
"Hospitalisierte in Intensivpflege","11.05.2020","1",NA,NA,NA
"Hospitalisierte in Intensivpflege","12.05.2020","0",NA,NA,NA
"Hospitalisierte in Intensivpflege","13.05.2020","0",NA,NA,NA
"Hospitalisierte in Intensivpflege","14.05.2020","0",NA,NA,NA
"Hospitalisierte in Intensivpflege","15.05.2020","0",NA,NA,NA
"Hospitalisierte in Intensivpflege","16.05.2020","0",NA,NA,NA
"Hospitalisierte in Intensivpflege","17.05.2020","0",NA,NA,NA
"Hospitalisierte in Intensivpflege","18.05.2020","0",NA,NA,NA
"Hospitalisierte in Intensivpflege","19.05.2020","0",NA,NA,NA
"Hospitalisierte in Intensivpflege","20.05.2020","0",NA,NA,NA
"Hospitalisierte in Intensivpflege","21.05.2020","0",NA,NA,NA
"Hospitalisierte in Intensivpflege","22.05.2020","0",NA,NA,NA
"Hospitalisierte in Intensivpflege","23.05.2020","0",NA,NA,NA
"Hospitalisierte in Intensivpflege","24.05.2020","0",NA,NA,NA
"Hospitalisierte in Intensivpflege","25.05.2020","0",NA,NA,NA
"Hospitalisierte in Intensivpflege","26.05.2020","0",NA,NA,NA
"Hospitalisierte in Intensivpflege","27.05.2020","0",NA,NA,NA
"Hospitalisierte in Intensivpflege","28.05.2020","0",NA,NA,NA
"Hospitalisierte in Intensivpflege","29.05.2020","0",NA,NA,NA
"Hospitalisierte in Intensivpflege","30.05.2020","0",NA,NA,NA
"Hospitalisierte in Intensivpflege","31.05.2020","0",NA,NA,NA
"Hospitalisierte in Intensivpflege","01.06.2020","0",NA,NA,NA
"Hospitalisierte in Intensivpflege","02.06.2020","0",NA,NA,NA
"Hospitalisierte in Intensivpflege","03.06.2020","0",NA,NA,NA
"Hospitalisierte in Intensivpflege","04.06.2020","0",NA,NA,NA
"Hospitalisierte in Intensivpflege","05.06.2020","0",NA,NA,NA
"Hospitalisierte in Intensivpflege","06.06.2020","0",NA,NA,NA
"Hospitalisierte in Intensivpflege","07.06.2020","0",NA,NA,NA
"Hospitalisierte in Intensivpflege","08.06.2020","0",NA,NA,NA
"Hospitalisierte in Intensivpflege","09.06.2020","0",NA,NA,NA
"Hospitalisierte in Intensivpflege","10.06.2020","0",NA,NA,NA
"Hospitalisierte in Intensivpflege","11.06.2020","0",NA,NA,NA
"Hospitalisierte in Intensivpflege","12.06.2020","0",NA,NA,NA
"Hospitalisierte in Intensivpflege","13.06.2020","0",NA,NA,NA
"Hospitalisierte in Intensivpflege","14.06.2020","0",NA,NA,NA
"Hospitalisierte in Intensivpflege","15.06.2020","0",NA,NA,NA
"Hospitalisierte in Intensivpflege","16.06.2020","0",NA,NA,NA
"Hospitalisierte in Intensivpflege","17.06.2020","0",NA,NA,NA
"Hospitalisierte in Intensivpflege","18.06.2020","0",NA,NA,NA
"Hospitalisierte in Intensivpflege","19.06.2020","0",NA,NA,NA
"Hospitalisierte in Intensivpflege","20.06.2020","0",NA,NA,NA
"Hospitalisierte in Intensivpflege","21.06.2020","0",NA,NA,NA
"Hospitalisierte in Intensivpflege","22.06.2020","0",NA,NA,NA
"Hospitalisierte in Intensivpflege","23.06.2020","0",NA,NA,NA
"Hospitalisierte in Intensivpflege","24.06.2020","0",NA,NA,NA
"Hospitalisierte in Intensivpflege","25.06.2020","0",NA,NA,NA
"Hospitalisierte in Intensivpflege","26.06.2020","0",NA,NA,NA
"Hospitalisierte in Intensivpflege","27.06.2020","0",NA,NA,NA
"Hospitalisierte in Intensivpflege","28.06.2020","0",NA,NA,NA
"Hospitalisierte in Intensivpflege","29.06.2020","0",NA,NA,NA
"Hospitalisierte in Intensivpflege","30.06.2020","0",NA,NA,NA
"Hospitalisierte in Intensivpflege","01.07.2020","0",NA,NA,NA
"Hospitalisierte in Intensivpflege","02.07.2020","0",NA,NA,NA
"Hospitalisierte in Intensivpflege","03.07.2020","0",NA,NA,NA
"Hospitalisierte in Intensivpflege","04.07.2020","0",NA,NA,NA
"Hospitalisierte in Intensivpflege","05.07.2020","0",NA,NA,NA
"Hospitalisierte in Intensivpflege","06.07.2020","0",NA,NA,NA
"Hospitalisierte in Intensivpflege","07.07.2020","0",NA,NA,NA
"Hospitalisierte in Intensivpflege","08.07.2020","0",NA,NA,NA
"Hospitalisierte in Intensivpflege","09.07.2020","0",NA,NA,NA
"Hospitalisierte in Intensivpflege","10.07.2020","0",NA,NA,NA
"Hospitalisierte in Intensivpflege","11.07.2020","0",NA,NA,NA
"Hospitalisierte in Intensivpflege","12.07.2020","0",NA,NA,NA
"Hospitalisierte in Intensivpflege","13.07.2020","0",NA,NA,NA
"Hospitalisierte in Intensivpflege","14.07.2020","0",NA,NA,NA
"Hospitalisierte in Intensivpflege","15.07.2020","0",NA,NA,NA
"Hospitalisierte in Intensivpflege","16.07.2020","0",NA,NA,NA
"Hospitalisierte in Intensivpflege","17.07.2020","0",NA,NA,NA
"Hospitalisierte in Intensivpflege","18.07.2020","0",NA,NA,NA
"Hospitalisierte in Intensivpflege","19.07.2020","0",NA,NA,NA
"Hospitalisierte in Intensivpflege","20.07.2020","1",NA,NA,NA
"Hospitalisierte in Intensivpflege","21.07.2020","0",NA,NA,NA
"Hospitalisierte in Intensivpflege","22.07.2020","0",NA,NA,NA
"Hospitalisierte in Intensivpflege","23.07.2020","0",NA,NA,NA
"Hospitalisierte in Intensivpflege","24.07.2020","0",NA,NA,NA
"Hospitalisierte in Intensivpflege","25.07.2020","0",NA,NA,NA
"Hospitalisierte in Intensivpflege","26.07.2020","0",NA,NA,NA
"Hospitalisierte in Intensivpflege","27.07.2020","0",NA,NA,NA
"Hospitalisierte in Intensivpflege","28.07.2020","0",NA,NA,NA
"Hospitalisierte in Intensivpflege","29.07.2020","0",NA,NA,NA
"Hospitalisierte in Intensivpflege","30.07.2020","0",NA,NA,NA
"Hospitalisierte in Intensivpflege","31.07.2020","0",NA,NA,NA
"Hospitalisierte in Intensivpflege","01.08.2020","0",NA,NA,NA
"Hospitalisierte in Intensivpflege","02.08.2020","0",NA,NA,NA
"Hospitalisierte in Intensivpflege","03.08.2020","0",NA,NA,NA
"Hospitalisierte in Intensivpflege","04.08.2020","0",NA,NA,NA
"Hospitalisierte in Intensivpflege","05.08.2020","0",NA,NA,NA
"Hospitalisierte in Intensivpflege","06.08.2020","0",NA,NA,NA
"Hospitalisierte in Intensivpflege","07.08.2020","0",NA,NA,NA
"Hospitalisierte in Intensivpflege","08.08.2020","0",NA,NA,NA
"Hospitalisierte in Intensivpflege","09.08.2020","0",NA,NA,NA
"Hospitalisierte in Intensivpflege","10.08.2020","0",NA,NA,NA
"Hospitalisierte in Intensivpflege","11.08.2020","0",NA,NA,NA
"Hospitalisierte in Intensivpflege","12.08.2020","0",NA,NA,NA
"Hospitalisierte in Intensivpflege","13.08.2020","0",NA,NA,NA
"Hospitalisierte in Intensivpflege","14.08.2020","0",NA,NA,NA
"Hospitalisierte in Intensivpflege","15.08.2020","0",NA,NA,NA
"Hospitalisierte in Intensivpflege","16.08.2020","0",NA,NA,NA
"Hospitalisierte in Intensivpflege","17.08.2020","0",NA,NA,NA
"Hospitalisierte in Intensivpflege","18.08.2020","0",NA,NA,NA
"Hospitalisierte in Intensivpflege","19.08.2020","0",NA,NA,NA
"Hospitalisierte in Intensivpflege","20.08.2020","0",NA,NA,NA
"Hospitalisierte in Intensivpflege","21.08.2020","0",NA,NA,NA
"Hospitalisierte in Intensivpflege","22.08.2020","0",NA,NA,NA
"Hospitalisierte in Intensivpflege","23.08.2020","0",NA,NA,NA
"Hospitalisierte in Intensivpflege","24.08.2020","0",NA,NA,NA
"Hospitalisierte in Intensivpflege","25.08.2020","1",NA,NA,NA
"Hospitalisierte in Intensivpflege","26.08.2020","1",NA,NA,NA
"Hospitalisierte in Intensivpflege","27.08.2020","1",NA,NA,NA
"Hospitalisierte in Intensivpflege","28.08.2020","1",NA,NA,NA
"Hospitalisierte in Intensivpflege","29.08.2020","1",NA,NA,NA
"Hospitalisierte in Intensivpflege","30.08.2020","0",NA,NA,NA
"Hospitalisierte in Intensivpflege","31.08.2020","0",NA,NA,NA
"Hospitalisierte in Intensivpflege","01.09.2020","0",NA,NA,NA
"Hospitalisierte in Intensivpflege","02.09.2020","0",NA,NA,NA
"Hospitalisierte in Intensivpflege","03.09.2020","0",NA,NA,NA
"Hospitalisierte in Intensivpflege","04.09.2020","0",NA,NA,NA
"Hospitalisierte in Intensivpflege","05.09.2020","0",NA,NA,NA
"Hospitalisierte in Intensivpflege","06.09.2020","0",NA,NA,NA
"Hospitalisierte in Intensivpflege","07.09.2020","0",NA,NA,NA
"Hospitalisierte in Intensivpflege","08.09.2020","0",NA,NA,NA
"Hospitalisierte in Intensivpflege","09.09.2020","0",NA,NA,NA
"Hospitalisierte in Intensivpflege","10.09.2020","0",NA,NA,NA
"Hospitalisierte in Intensivpflege","11.09.2020","0",NA,NA,NA
"Hospitalisierte in Intensivpflege","12.09.2020","0",NA,NA,NA
"Hospitalisierte in Intensivpflege","13.09.2020","0",NA,NA,NA
"Hospitalisierte in Intensivpflege","14.09.2020","0",NA,NA,NA
"Hospitalisierte in Intensivpflege","15.09.2020","0",NA,NA,NA
"Hospitalisierte in Intensivpflege","16.09.2020","0",NA,NA,NA
"Hospitalisierte in Intensivpflege","17.09.2020","0",NA,NA,NA
"Hospitalisierte in Intensivpflege","18.09.2020","0",NA,NA,NA
"Hospitalisierte in Intensivpflege","19.09.2020","0",NA,NA,NA
"Hospitalisierte in Intensivpflege","20.09.2020","0",NA,NA,NA
"Hospitalisierte in Intensivpflege","21.09.2020","0",NA,NA,NA
"Hospitalisierte in Intensivpflege","22.09.2020","0",NA,NA,NA
"Hospitalisierte in Intensivpflege","23.09.2020","0",NA,NA,NA
"Hospitalisierte in Intensivpflege","24.09.2020","0",NA,NA,NA
"Hospitalisierte in Intensivpflege","25.09.2020","0",NA,NA,NA
"Hospitalisierte in Intensivpflege","26.09.2020","0",NA,NA,NA
"Hospitalisierte in Intensivpflege","27.09.2020","0",NA,NA,NA
"Hospitalisierte in Intensivpflege","28.09.2020","0",NA,NA,NA
"Hospitalisierte in Intensivpflege","29.09.2020","0",NA,NA,NA
"Hospitalisierte in Intensivpflege","30.09.2020","0",NA,NA,NA
"Hospitalisierte in Intensivpflege","01.10.2020","0",NA,NA,NA
"Hospitalisierte in Intensivpflege","02.10.2020","0",NA,NA,NA
"Hospitalisierte in Intensivpflege","03.10.2020","0",NA,NA,NA
"Hospitalisierte in Intensivpflege","04.10.2020","0",NA,NA,NA
"Hospitalisierte in Intensivpflege","05.10.2020","0",NA,NA,NA
"Hospitalisierte in Intensivpflege","06.10.2020","0",NA,NA,NA
"Hospitalisierte in Intensivpflege","07.10.2020","0",NA,NA,NA
"Hospitalisierte in Intensivpflege","08.10.2020","0",NA,NA,NA
"Hospitalisierte in Intensivpflege","09.10.2020","0",NA,NA,NA
"Hospitalisierte in Intensivpflege","10.10.2020","0",NA,NA,NA
"Hospitalisierte in Intensivpflege","11.10.2020","1",NA,NA,NA
"Hospitalisierte in Intensivpflege","12.10.2020","2",NA,NA,NA
"Hospitalisierte in Intensivpflege","13.10.2020","1",NA,NA,NA
"Hospitalisierte in Intensivpflege","14.10.2020","1",NA,NA,NA
"Hospitalisierte in Intensivpflege","15.10.2020","1",NA,NA,NA
"Hospitalisierte in Intensivpflege","16.10.2020","1",NA,NA,NA
"Hospitalisierte in Intensivpflege","17.10.2020","1",NA,NA,NA
"Hospitalisierte in Intensivpflege","18.10.2020","2",NA,NA,NA
"Hospitalisierte in Intensivpflege","19.10.2020","1",NA,NA,NA
"Hospitalisierte in Intensivpflege","20.10.2020","1",NA,NA,NA
"Hospitalisierte in Intensivpflege","21.10.2020","2",NA,NA,NA
"Hospitalisierte in Intensivpflege","22.10.2020","2",NA,NA,NA
"Hospitalisierte in Intensivpflege","23.10.2020","2",NA,NA,NA
"Hospitalisierte in Intensivpflege","24.10.2020","2",NA,NA,NA
"Hospitalisierte in Intensivpflege","25.10.2020","3",NA,NA,NA
"Hospitalisierte in Intensivpflege","26.10.2020","2",NA,NA,NA
"Hospitalisierte in Intensivpflege","27.10.2020","2",NA,NA,NA
"Hospitalisierte in Intensivpflege","28.10.2020","3",NA,NA,NA
"Hospitalisierte in Intensivpflege","29.10.2020","3",NA,NA,NA
"Hospitalisierte in Intensivpflege","30.10.2020","4",NA,NA,NA
"Hospitalisierte in Intensivpflege","31.10.2020","4",NA,NA,NA
"Hospitalisierte in Intensivpflege","01.11.2020","4",NA,NA,NA
"Hospitalisierte in Intensivpflege","02.11.2020","4",NA,NA,NA
"Hospitalisierte in Intensivpflege","03.11.2020","4",NA,NA,NA
"Hospitalisierte in Intensivpflege","04.11.2020","4",NA,NA,NA
"Hospitalisierte in Intensivpflege","05.11.2020","4",NA,NA,NA
"Hospitalisierte in Intensivpflege","06.11.2020","3",NA,NA,NA
"Hospitalisierte in Intensivpflege","07.11.2020","5",NA,NA,NA
"Hospitalisierte in Intensivpflege","08.11.2020","5",NA,NA,NA
"Hospitalisierte in Intensivpflege","09.11.2020","5",NA,NA,NA
"Hospitalisierte in Intensivpflege","10.11.2020","4",NA,NA,NA
"Hospitalisierte in Intensivpflege","11.11.2020","5",NA,NA,NA
"Hospitalisierte in Intensivpflege","12.11.2020","6",NA,NA,NA
"Hospitalisierte in Intensivpflege","13.11.2020","2",NA,NA,NA
"Hospitalisierte in Intensivpflege","14.11.2020","2",NA,NA,NA
"Hospitalisierte in Intensivpflege","15.11.2020","2",NA,NA,NA
"Hospitalisierte in Intensivpflege","16.11.2020","2",NA,NA,NA
"Hospitalisierte in Intensivpflege","17.11.2020","2",NA,NA,NA
"Hospitalisierte in Intensivpflege","18.11.2020","3",NA,NA,NA
"Hospitalisierte in Intensivpflege","19.11.2020","3",NA,NA,NA
"Hospitalisierte in Intensivpflege","20.11.2020","4",NA,NA,NA
"Hospitalisierte in Intensivpflege","21.11.2020","5",NA,NA,NA
"Hospitalisierte in Intensivpflege","22.11.2020","4",NA,NA,NA
"Hospitalisierte in Intensivpflege","23.11.2020","4",NA,NA,NA
"Hospitalisierte in Intensivpflege","24.11.2020","5",NA,NA,NA
"Hospitalisierte in Intensivpflege","25.11.2020","5",NA,NA,NA
"Hospitalisierte in Intensivpflege","26.11.2020","5",NA,NA,NA
"Hospitalisierte in Intensivpflege","27.11.2020","5",NA,NA,NA
"Hospitalisierte in Intensivpflege","28.11.2020","5",NA,NA,NA
"Hospitalisierte in Intensivpflege","29.11.2020","5",NA,NA,NA
"Hospitalisierte in Intensivpflege","30.11.2020","5",NA,NA,NA
"Hospitalisierte in Intensivpflege","01.12.2020","4",NA,NA,NA
"Hospitalisierte in Intensivpflege","02.12.2020","4",NA,NA,NA
"Hospitalisierte in Intensivpflege","03.12.2020","4",NA,NA,NA
"Hospitalisierte in Intensivpflege","04.12.2020","3",NA,NA,NA
"Hospitalisierte in Intensivpflege","05.12.2020","3",NA,NA,NA
"Hospitalisierte in Intensivpflege","06.12.2020","3",NA,NA,NA
"Hospitalisierte in Intensivpflege","07.12.2020","3",NA,NA,NA
"Hospitalisierte in Intensivpflege","08.12.2020","4",NA,NA,NA
"Hospitalisierte in Intensivpflege","09.12.2020","4",NA,NA,NA
"Hospitalisierte in Intensivpflege","10.12.2020","4",NA,NA,NA
"Hospitalisierte in Intensivpflege","11.12.2020","4",NA,NA,NA
"Hospitalisierte in Intensivpflege","12.12.2020","4",NA,NA,NA
"Hospitalisierte in Intensivpflege","13.12.2020","4",NA,NA,NA
"Todesfälle","01.03.2020","0",NA,NA,NA
"Todesfälle","02.03.2020","0",NA,NA,NA
"Todesfälle","03.03.2020","0",NA,NA,NA
"Todesfälle","04.03.2020","0",NA,NA,NA
"Todesfälle","05.03.2020","0",NA,NA,NA
"Todesfälle","06.03.2020","0",NA,NA,NA
"Todesfälle","07.03.2020","0",NA,NA,NA
"Todesfälle","08.03.2020","0",NA,NA,NA
"Todesfälle","09.03.2020","0",NA,NA,NA
"Todesfälle","10.03.2020","0",NA,NA,NA
"Todesfälle","11.03.2020","0",NA,NA,NA
"Todesfälle","12.03.2020","0",NA,NA,NA
"Todesfälle","13.03.2020","0",NA,NA,NA
"Todesfälle","14.03.2020","0",NA,NA,NA
"Todesfälle","15.03.2020","0",NA,NA,NA
"Todesfälle","16.03.2020","0",NA,NA,NA
"Todesfälle","17.03.2020","0",NA,NA,NA
"Todesfälle","18.03.2020","0",NA,NA,NA
"Todesfälle","19.03.2020","0",NA,NA,NA
"Todesfälle","20.03.2020","0",NA,NA,NA
"Todesfälle","21.03.2020","0",NA,NA,NA
"Todesfälle","22.03.2020","0",NA,NA,NA
"Todesfälle","23.03.2020","0",NA,NA,NA
"Todesfälle","24.03.2020","0",NA,NA,NA
"Todesfälle","25.03.2020","0",NA,NA,NA
"Todesfälle","26.03.2020","0",NA,NA,NA
"Todesfälle","27.03.2020","1",NA,NA,NA
"Todesfälle","28.03.2020","1",NA,NA,NA
"Todesfälle","29.03.2020","1",NA,NA,NA
"Todesfälle","30.03.2020","1",NA,NA,NA
"Todesfälle","31.03.2020","1",NA,NA,NA
"Todesfälle","01.04.2020","1",NA,NA,NA
"Todesfälle","02.04.2020","2",NA,NA,NA
"Todesfälle","03.04.2020","2",NA,NA,NA
"Todesfälle","04.04.2020","2",NA,NA,NA
"Todesfälle","05.04.2020","3",NA,NA,NA
"Todesfälle","06.04.2020","3",NA,NA,NA
"Todesfälle","07.04.2020","3",NA,NA,NA
"Todesfälle","08.04.2020","3",NA,NA,NA
"Todesfälle","09.04.2020","3",NA,NA,NA
"Todesfälle","10.04.2020","4",NA,NA,NA
"Todesfälle","11.04.2020","5",NA,NA,NA
"Todesfälle","12.04.2020","5",NA,NA,NA
"Todesfälle","13.04.2020","5",NA,NA,NA
"Todesfälle","14.04.2020","6",NA,NA,NA
"Todesfälle","15.04.2020","6",NA,NA,NA
"Todesfälle","16.04.2020","6",NA,NA,NA
"Todesfälle","17.04.2020","7",NA,NA,NA
"Todesfälle","18.04.2020","7",NA,NA,NA
"Todesfälle","19.04.2020","7",NA,NA,NA
"Todesfälle","20.04.2020","8",NA,NA,NA
"Todesfälle","21.04.2020","8",NA,NA,NA
"Todesfälle","22.04.2020","8",NA,NA,NA
"Todesfälle","23.04.2020","8",NA,NA,NA
"Todesfälle","24.04.2020","8",NA,NA,NA
"Todesfälle","25.04.2020","8",NA,NA,NA
"Todesfälle","26.04.2020","8",NA,NA,NA
"Todesfälle","27.04.2020","8",NA,NA,NA
"Todesfälle","28.04.2020","8",NA,NA,NA
"Todesfälle","29.04.2020","8",NA,NA,NA
"Todesfälle","30.04.2020","8",NA,NA,NA
"Todesfälle","01.05.2020","8",NA,NA,NA
"Todesfälle","02.05.2020","8",NA,NA,NA
"Todesfälle","03.05.2020","8",NA,NA,NA
"Todesfälle","04.05.2020","8",NA,NA,NA
"Todesfälle","05.05.2020","8",NA,NA,NA
"Todesfälle","06.05.2020","8",NA,NA,NA
"Todesfälle","07.05.2020","8",NA,NA,NA
"Todesfälle","08.05.2020","8",NA,NA,NA
"Todesfälle","09.05.2020","8",NA,NA,NA
"Todesfälle","10.05.2020","8",NA,NA,NA
"Todesfälle","11.05.2020","8",NA,NA,NA
"Todesfälle","12.05.2020","8",NA,NA,NA
"Todesfälle","13.05.2020","8",NA,NA,NA
"Todesfälle","14.05.2020","8",NA,NA,NA
"Todesfälle","15.05.2020","8",NA,NA,NA
"Todesfälle","16.05.2020","8",NA,NA,NA
"Todesfälle","17.05.2020","8",NA,NA,NA
"Todesfälle","18.05.2020","8",NA,NA,NA
"Todesfälle","19.05.2020","8",NA,NA,NA
"Todesfälle","20.05.2020","9",NA,NA,NA
"Todesfälle","21.05.2020","9",NA,NA,NA
"Todesfälle","22.05.2020","9",NA,NA,NA
"Todesfälle","23.05.2020","9",NA,NA,NA
"Todesfälle","24.05.2020","9",NA,NA,NA
"Todesfälle","25.05.2020","9",NA,NA,NA
"Todesfälle","26.05.2020","9",NA,NA,NA
"Todesfälle","27.05.2020","9",NA,NA,NA
"Todesfälle","28.05.2020","9",NA,NA,NA
"Todesfälle","29.05.2020","9",NA,NA,NA
"Todesfälle","30.05.2020","9",NA,NA,NA
"Todesfälle","31.05.2020","9",NA,NA,NA
"Todesfälle","01.06.2020","9",NA,NA,NA
"Todesfälle","02.06.2020","9",NA,NA,NA
"Todesfälle","03.06.2020","9",NA,NA,NA
"Todesfälle","04.06.2020","9",NA,NA,NA
"Todesfälle","05.06.2020","9",NA,NA,NA
"Todesfälle","06.06.2020","9",NA,NA,NA
"Todesfälle","07.06.2020","9",NA,NA,NA
"Todesfälle","08.06.2020","9",NA,NA,NA
"Todesfälle","09.06.2020","9",NA,NA,NA
"Todesfälle","10.06.2020","9",NA,NA,NA
"Todesfälle","11.06.2020","9",NA,NA,NA
"Todesfälle","12.06.2020","9",NA,NA,NA
"Todesfälle","13.06.2020","9",NA,NA,NA
"Todesfälle","14.06.2020","9",NA,NA,NA
"Todesfälle","15.06.2020","9",NA,NA,NA
"Todesfälle","16.06.2020","9",NA,NA,NA
"Todesfälle","17.06.2020","9",NA,NA,NA
"Todesfälle","18.06.2020","9",NA,NA,NA
"Todesfälle","19.06.2020","9",NA,NA,NA
"Todesfälle","20.06.2020","9",NA,NA,NA
"Todesfälle","21.06.2020","9",NA,NA,NA
"Todesfälle","22.06.2020","9",NA,NA,NA
"Todesfälle","23.06.2020","9",NA,NA,NA
"Todesfälle","24.06.2020","9",NA,NA,NA
"Todesfälle","25.06.2020","9",NA,NA,NA
"Todesfälle","26.06.2020","9",NA,NA,NA
"Todesfälle","27.06.2020","9",NA,NA,NA
"Todesfälle","28.06.2020","9",NA,NA,NA
"Todesfälle","29.06.2020","9",NA,NA,NA
"Todesfälle","30.06.2020","9",NA,NA,NA
"Todesfälle","01.07.2020","9",NA,NA,NA
"Todesfälle","02.07.2020","9",NA,NA,NA
"Todesfälle","03.07.2020","9",NA,NA,NA
"Todesfälle","04.07.2020","9",NA,NA,NA
"Todesfälle","05.07.2020","9",NA,NA,NA
"Todesfälle","06.07.2020","9",NA,NA,NA
"Todesfälle","07.07.2020","9",NA,NA,NA
"Todesfälle","08.07.2020","9",NA,NA,NA
"Todesfälle","09.07.2020","9",NA,NA,NA
"Todesfälle","10.07.2020","9",NA,NA,NA
"Todesfälle","11.07.2020","9",NA,NA,NA
"Todesfälle","12.07.2020","9",NA,NA,NA
"Todesfälle","13.07.2020","9",NA,NA,NA
"Todesfälle","14.07.2020","9",NA,NA,NA
"Todesfälle","15.07.2020","9",NA,NA,NA
"Todesfälle","16.07.2020","9",NA,NA,NA
"Todesfälle","17.07.2020","9",NA,NA,NA
"Todesfälle","18.07.2020","9",NA,NA,NA
"Todesfälle","19.07.2020","9",NA,NA,NA
"Todesfälle","20.07.2020","9",NA,NA,NA
"Todesfälle","21.07.2020","9",NA,NA,NA
"Todesfälle","22.07.2020","9",NA,NA,NA
"Todesfälle","23.07.2020","9",NA,NA,NA
"Todesfälle","24.07.2020","9",NA,NA,NA
"Todesfälle","25.07.2020","9",NA,NA,NA
"Todesfälle","26.07.2020","9",NA,NA,NA
"Todesfälle","27.07.2020","9",NA,NA,NA
"Todesfälle","28.07.2020","9",NA,NA,NA
"Todesfälle","29.07.2020","9",NA,NA,NA
"Todesfälle","30.07.2020","9",NA,NA,NA
"Todesfälle","31.07.2020","9",NA,NA,NA
"Todesfälle","01.08.2020","9",NA,NA,NA
"Todesfälle","02.08.2020","9",NA,NA,NA
"Todesfälle","03.08.2020","9",NA,NA,NA
"Todesfälle","04.08.2020","9",NA,NA,NA
"Todesfälle","05.08.2020","9",NA,NA,NA
"Todesfälle","06.08.2020","9",NA,NA,NA
"Todesfälle","07.08.2020","9",NA,NA,NA
"Todesfälle","08.08.2020","9",NA,NA,NA
"Todesfälle","09.08.2020","9",NA,NA,NA
"Todesfälle","10.08.2020","9",NA,NA,NA
"Todesfälle","11.08.2020","9",NA,NA,NA
"Todesfälle","12.08.2020","9",NA,NA,NA
"Todesfälle","13.08.2020","9",NA,NA,NA
"Todesfälle","14.08.2020","9",NA,NA,NA
"Todesfälle","15.08.2020","9",NA,NA,NA
"Todesfälle","16.08.2020","9",NA,NA,NA
"Todesfälle","17.08.2020","9",NA,NA,NA
"Todesfälle","18.08.2020","9",NA,NA,NA
"Todesfälle","19.08.2020","9",NA,NA,NA
"Todesfälle","20.08.2020","9",NA,NA,NA
"Todesfälle","21.08.2020","9",NA,NA,NA
"Todesfälle","22.08.2020","9",NA,NA,NA
"Todesfälle","23.08.2020","9",NA,NA,NA
"Todesfälle","24.08.2020","9",NA,NA,NA
"Todesfälle","25.08.2020","9",NA,NA,NA
"Todesfälle","26.08.2020","9",NA,NA,NA
"Todesfälle","27.08.2020","9",NA,NA,NA
"Todesfälle","28.08.2020","9",NA,NA,NA
"Todesfälle","29.08.2020","9",NA,NA,NA
"Todesfälle","30.08.2020","9",NA,NA,NA
"Todesfälle","31.08.2020","9",NA,NA,NA
"Todesfälle","01.09.2020","9",NA,NA,NA
"Todesfälle","02.09.2020","9",NA,NA,NA
"Todesfälle","03.09.2020","9",NA,NA,NA
"Todesfälle","04.09.2020","9",NA,NA,NA
"Todesfälle","05.09.2020","9",NA,NA,NA
"Todesfälle","06.09.2020","9",NA,NA,NA
"Todesfälle","07.09.2020","9",NA,NA,NA
"Todesfälle","08.09.2020","9",NA,NA,NA
"Todesfälle","09.09.2020","9",NA,NA,NA
"Todesfälle","10.09.2020","9",NA,NA,NA
"Todesfälle","11.09.2020","9",NA,NA,NA
"Todesfälle","12.09.2020","9",NA,NA,NA
"Todesfälle","13.09.2020","9",NA,NA,NA
"Todesfälle","14.09.2020","9",NA,NA,NA
"Todesfälle","15.09.2020","9",NA,NA,NA
"Todesfälle","16.09.2020","9",NA,NA,NA
"Todesfälle","17.09.2020","9",NA,NA,NA
"Todesfälle","18.09.2020","9",NA,NA,NA
"Todesfälle","19.09.2020","9",NA,NA,NA
"Todesfälle","20.09.2020","9",NA,NA,NA
"Todesfälle","21.09.2020","9",NA,NA,NA
"Todesfälle","22.09.2020","9",NA,NA,NA
"Todesfälle","23.09.2020","9",NA,NA,NA
"Todesfälle","24.09.2020","9",NA,NA,NA
"Todesfälle","25.09.2020","9",NA,NA,NA
"Todesfälle","26.09.2020","9",NA,NA,NA
"Todesfälle","27.09.2020","9",NA,NA,NA
"Todesfälle","28.09.2020","9",NA,NA,NA
"Todesfälle","29.09.2020","9",NA,NA,NA
"Todesfälle","30.09.2020","9",NA,NA,NA
"Todesfälle","01.10.2020","9",NA,NA,NA
"Todesfälle","02.10.2020","9",NA,NA,NA
"Todesfälle","03.10.2020","9",NA,NA,NA
"Todesfälle","04.10.2020","9",NA,NA,NA
"Todesfälle","05.10.2020","9",NA,NA,NA
"Todesfälle","06.10.2020","9",NA,NA,NA
"Todesfälle","07.10.2020","9",NA,NA,NA
"Todesfälle","08.10.2020","9",NA,NA,NA
"Todesfälle","09.10.2020","9",NA,NA,NA
"Todesfälle","10.10.2020","9",NA,NA,NA
"Todesfälle","11.10.2020","9",NA,NA,NA
"Todesfälle","12.10.2020","9",NA,NA,NA
"Todesfälle","13.10.2020","9",NA,NA,NA
"Todesfälle","14.10.2020","9",NA,NA,NA
"Todesfälle","15.10.2020","9",NA,NA,NA
"Todesfälle","16.10.2020","9",NA,NA,NA
"Todesfälle","17.10.2020","9",NA,NA,NA
"Todesfälle","18.10.2020","10",NA,NA,NA
"Todesfälle","19.10.2020","10",NA,NA,NA
"Todesfälle","20.10.2020","10",NA,NA,NA
"Todesfälle","21.10.2020","10",NA,NA,NA
"Todesfälle","22.10.2020","10",NA,NA,NA
"Todesfälle","23.10.2020","10",NA,NA,NA
"Todesfälle","24.10.2020","10",NA,NA,NA
"Todesfälle","25.10.2020","10",NA,NA,NA
"Todesfälle","26.10.2020","10",NA,NA,NA
"Todesfälle","27.10.2020","10",NA,NA,NA
"Todesfälle","28.10.2020","10",NA,NA,NA
"Todesfälle","29.10.2020","11",NA,NA,NA
"Todesfälle","30.10.2020","11",NA,NA,NA
"Todesfälle","31.10.2020","11",NA,NA,NA
"Todesfälle","01.11.2020","12",NA,NA,NA
"Todesfälle","02.11.2020","13",NA,NA,NA
"Todesfälle","03.11.2020","13",NA,NA,NA
"Todesfälle","04.11.2020","13",NA,NA,NA
"Todesfälle","05.11.2020","13",NA,NA,NA
"Todesfälle","06.11.2020","13",NA,NA,NA
"Todesfälle","07.11.2020","14",NA,NA,NA
"Todesfälle","08.11.2020","14",NA,NA,NA
"Todesfälle","09.11.2020","15",NA,NA,NA
"Todesfälle","10.11.2020","15",NA,NA,NA
"Todesfälle","11.11.2020","17",NA,NA,NA
"Todesfälle","12.11.2020","17",NA,NA,NA
"Todesfälle","13.11.2020","18",NA,NA,NA
"Todesfälle","14.11.2020","21",NA,NA,NA
"Todesfälle","15.11.2020","21",NA,NA,NA
"Todesfälle","16.11.2020","23",NA,NA,NA
"Todesfälle","17.11.2020","23",NA,NA,NA
"Todesfälle","18.11.2020","25",NA,NA,NA
"Todesfälle","19.11.2020","25",NA,NA,NA
"Todesfälle","20.11.2020","25",NA,NA,NA
"Todesfälle","21.11.2020","27",NA,NA,NA
"Todesfälle","22.11.2020","27",NA,NA,NA
"Todesfälle","23.11.2020","27",NA,NA,NA
"Todesfälle","24.11.2020","27",NA,NA,NA
"Todesfälle","25.11.2020","27",NA,NA,NA
"Todesfälle","26.11.2020","28",NA,NA,NA
"Todesfälle","27.11.2020","30",NA,NA,NA
"Todesfälle","28.11.2020","31",NA,NA,NA
"Todesfälle","29.11.2020","32",NA,NA,NA
"Todesfälle","30.11.2020","34",NA,NA,NA
"Todesfälle","01.12.2020","34",NA,NA,NA
"Todesfälle","02.12.2020","36",NA,NA,NA
"Todesfälle","03.12.2020","38",NA,NA,NA
"Todesfälle","04.12.2020","40",NA,NA,NA
"Todesfälle","05.12.2020","40",NA,NA,NA
"Todesfälle","06.12.2020","40",NA,NA,NA
"Todesfälle","07.12.2020","41",NA,NA,NA
"Todesfälle","08.12.2020","43",NA,NA,NA
"Todesfälle","09.12.2020","45",NA,NA,NA
"Todesfälle","10.12.2020","46",NA,NA,NA
"Todesfälle","11.12.2020","47",NA,NA,NA
"Todesfälle","12.12.2020","47",NA,NA,NA
"Todesfälle","13.12.2020","48",NA,NA,NA
NA,NA,NA,"1","datatypes","string,date,integer"
NA,NA,NA,"1","title",""
NA,NA,NA,"1","subtitle","Datenstand: 14.12.2020 08:00"
NA,NA,NA,"1","description","Aufgrund der kleinen Fallzahlen im Kanton Zug können die Veränderungen von Tag zu Tag stark schwanken. Veränderungen dürfen deshalb nicht als Trend interpretiert werden. Die Fallzahlen und Todesfälle werden im Zeitverlauf summiert, die Hospitatilierungen umfassen nur die Hospitalisierungen des jeweiligen Tags und umfasst alle Hospitalisierten im Kanton Zug unabhängig vom Wohnort. Bewohner/innen des Kantons Zug in einem Spital ausserhalb des Kantons werden nicht gezählt."
NA,NA,NA,"1","source","Kanton Zug, Amt für Gesundheit"
